,age,sex,trestbps,chol,fbs,thalach,oldpeak,ca,target
count,1025.0,1025.0,1025.0,1025.0,1025.0,1025.0,1025.0,1025.0,1025.0
mean,0.5298780487804878,0.6956097560975609,0.3548274275195582,0.273972602739726,0.14926829268292682,0.5962911934462856,0.17282454760031468,0.7541463414634146,0.5131707317073171
std,0.18900604652592243,0.4603733241196493,0.16525205665449438,0.11779111919219648,0.3565266897271575,0.1756162118013527,0.1895032701498241,1.0307976650242823,0.5000704980788014
min,0.0,0.0,0.0,0.0,0.0,0.0,0.0,0.0,0.0
25%,0.39583333333333337,0.0,0.24528301886792458,0.1940639269406393,0.0,0.46564885496183195,0.0,0.0,0.0
50%,0.5624999999999999,1.0,0.339622641509434,0.2602739726027397,0.0,0.6183206106870228,0.12903225806451613,0.0,1.0
75%,0.6666666666666666,1.0,0.4339622641509434,0.3401826484018265,0.0,0.7251908396946564,0.2903225806451613,1.0,1.0
max,0.9999999999999999,1.0,1.0,0.9999999999999998,1.0,0.9999999999999999,1.0,4.0,1.0
